cnpj;razao;conta;nome_no_plano;situacao;observacao
44990901000143;ACCO BRANDS BRASIL LTDA.;;;nova;sem conta no legado: nasce pelo cadastro
32193369000154;ALBACETE INDUSTRIA E COMERCIO DE EQUIPAMENTOS DE LAZER LTDA - EM RECUPERACAO JUDICIAL;2.02.001.0206;Albacete Ind. Com. Equip. Lazer Ltda;sim;
61143632000107;ALIANCA METALURGICA S.A.;2.02.001.0126;Aliança Metalúrgica S/A;sim;
14171777000123;BAIP PRODUTOS POPULARES LTDA;;;nova;sem conta no legado: nasce pelo cadastro
03603850000172;BIEMME DO BRASIL LTDA;;;nova;sem conta no legado: nasce pelo cadastro
07019308000128;BRITANIA ELETRONICOS S.A.;;;nova;sem conta no legado: nasce pelo cadastro
27830116000104;Bozi Materiais para Construcao Ltda;2.02.001.0005;Bozi Mat. p/Constr. Ltda;sim;
54122041000180;Compose Exclusive - Casa e Decoracao Ltda;;;nova;sem conta no legado: nasce pelo cadastro
08806318000176;DECA INDUSTRIA E COMERCIO DE MATERIAIS SANITARIOS LTDA;2.02.001.0106;Deca - Metais;sim;
75339051000141;DOCOL INDUSTRIA E COMERCIO LTDA;2.02.001.0013;Docol;sim;
90770413000148;EBERLE EQUIPAMENTOS E PROCESSOS SA;2.02.001.0143;Eberle;sim;
57488645002771;ELUMA S A INDUSTRIA E COMERCIO;;;nova;sem conta no legado: nasce pelo cadastro
33347196000578;FISCHER BRASIL INDUSTRIA E COMERCIO LTDA;2.02.001.0201;Irmãos Fischer S.A Ind. Com.;conferir;Irmãos Fischer: mesmo grupo? confira o CNPJ
07358761005128;Gerdau;;;nova;sem conta no legado: nasce pelo cadastro
55140099000119;HAENKE TUBOS FLEXIVEIS LTDA.;2.02.001.0182;Haenke;sim;
60756475000134;HELIOTEK TERMOTECNOLOGIA LTDA;;;nova;sem conta no legado: nasce pelo cadastro
92782366000188;JACKWAL S/A;2.02.001.0088;Jackwal S/A;sim;
42711262000104;JB COMERCIO E INDUSTRIA LTDA;;;nova;sem conta no legado: nasce pelo cadastro
08743025000197;JESMOND COMERCIO VAREJISTA LTDA.;;;nova;sem conta no legado: nasce pelo cadastro
21297553000128;K. R. Material de Pesca Ltda;;;nova;sem conta no legado: nasce pelo cadastro
06114935001580;KOMGROUP INDUSTRIAL LTDA;2.02.001.0160;Komlog Importação Ltda;conferir;Komlog x Komgroup: mesmo grupo Komeco?
00946219000188;LAO INDUSTRIA LTDA;2.02.001.0131;Lao Ind. Com. Ltda;sim;
61413282000143;LORENZETTI SA INDUSTRIAS BRASILEIRAS ELETROMETALURGICAS;2.02.001.0021;Lorenzetti;sim;
51729127000187;Lojao dos Esportes Ltda;;;nova;sem conta no legado: nasce pelo cadastro
04692027000143;Luxottica Brasil Produtos Oticos e Esportivos Ltda;;;nova;sem conta no legado: nasce pelo cadastro
05000896000122;MAQENGE - INDUSTRIA METALURGICA LTDA;2.02.001.0222;Maqenge Ind. Met. Ltda;sim;
62176615000201;MERCADO DOS PLASTICOS LTDA;;;nova;sem conta no legado: nasce pelo cadastro
01402079000140;ORBIS MERTIG DO BRASIL LTDA;2.02.001.0204;Orbis Merting do Brasil Ltda;sim;
20941934000135;PS Produtos de Cosmeticos Ltda;;;nova;sem conta no legado: nasce pelo cadastro
27171883000159;Politintas Ltda;;;nova;sem conta no legado: nasce pelo cadastro
10755792000168;RHEEM DO BRASIL COMERCIO E DISTRIBUICAO DE AR CONDICIONADO E AQUECIMENTO LTDA;2.02.001.0219;Rheem do Brasil;sim;
47173950000181;RINNAI BRASIL TECNOLOGIA DE AQUECIMENTO LTDA.;2.02.001.0074;Rinnai - Equip.NGK-Rinnai Ltda;sim;
05949470000110;ROWA DO BRASIL INDUSTRIA E COMERCIO DE BOMBAS LTDA.;2.02.001.0173;Rowa do Brasil Ltda;sim;
72741051000185;SFERA COMERCIAL E IMPORTADORA LTDA;2.02.001.0199;Sfera Com.Imp.Ltda Emmeti;sim;
67917492000155;SICTEL CONSTRUCOES E TELECOMUNICACOES LTDA;;;nova;sem conta no legado: nasce pelo cadastro
33064262000179;TIGRE FERRAMENTAS PARA CONSTRUCAO CIVIL S.A;;;nova;sem conta no legado: nasce pelo cadastro
08862530001475;TIGRE MATERIAIS E SOLUCOES PARA CONSTRUCAO LTDA.;2.02.001.0054;Tigre-Aquaterm;conferir;Tigre-Aquaterm é linha da Tigre Materiais?
58338690000173;TOYSTER BRINQUEDOS LTDA;;;nova;sem conta no legado: nasce pelo cadastro
61652608000195;TRAMONTINA SUDESTE S.A.;2.02.001.0156;Tramontina Sudeste S.A;sim;
90114299000106;Tramontina;;;nova;sem conta no legado: nasce pelo cadastro
57001187000165;UTIMIX COMERCIO ATACADISTA DE ELETRONICOS LTDA;;;nova;sem conta no legado: nasce pelo cadastro
16747215000100;VITORIA ALUMINIOS LTDA;;;nova;sem conta no legado: nasce pelo cadastro
27342880000130;Vitoria Distribuidora Ltda;;;nova;sem conta no legado: nasce pelo cadastro
75024521000692;WESTAFLEX TUBOS FLEXIVEIS LTDA;2.02.001.0030;Westaflex Brasil;sim;
08942547000118;ZIP INDUSTRIA E COMERCIO DE BRINQUEDOS LTDA;;;nova;sem conta no legado: nasce pelo cadastro
